Ionis Pipeline: Antisense Drugs for a Broad Range of Diseases	https://www.ionispharma.com/ionis-innovation/pipeline/
Pharmaceutical Research & Development Pipeline - Bristol ...	https://www.bms.com/researchers-and-partners/in-the-pipeline.html
Our Pipeline | Biohaven Pharmaceuticals	https://www.biohavenpharma.com/science-pipeline/our-pipeline
Pipeline - Gilead Sciences	https://www.gilead.com/science-and-medicine/pipeline
Novartis Pipeline	https://www.novartis.com/research-development/novartis-pipeline
Pipeline - Arrowhead Pharmaceuticals, Inc.	https://arrowheadpharma.com/pipeline/
Development Pipeline | CHUGAI PHARMACEUTICAL CO., LTD.	https://www.chugai-pharm.co.jp/english/ir/reports_downloads/pipeline.html
Lilly leads the big pharma pack on pipeline value | Evaluate	https://www.evaluate.com/vantage/articles/data-insights/other-data/lilly-leads-big-pharma-pack-pipeline-value
Cancer Therapies in the Pipeline | Kite Pharma	http://www.kitepharma.com/science-medicine/pipeline
Innovative product pipeline to combat a range of diseases	https://www.trispharma.com/innovation/pipeline/
Pipeline | AngeliniPharma	https://www.angelinipharma.com/from-pipeline-to-health-aids/pipeline/
Development Pipeline | Clinical Development - Sumitomo ...	https://www.ds-pharma.com/rd/clinical/pipeline.html
Pipeline - Merck.com	https://www.merck.com/research-and-products/product-pipeline/
Pipeline - Acceleron Pharma Inc.	https://acceleronpharma.com/pipeline/
Product pipeline - Zealand pharma	https://www.zealandpharma.com/product-pipeline
Pipeline: Innovative product candidates in neurology and CNS	https://www.acadia-pharm.com/pipeline/
Investigational Drugs, Clinical Trials, and Industry Priorities	https://www.ncbi.nlm.nih.gov/pmc/articles/PMC4334744/
Pipeline - 4D pharma plc	https://www.4dpharmaplc.com/en/developing-science/pipeline
R&D Pipeline - Nektar Therapeutics	https://www.nektar.com/pipeline/rd-pipeline
Pharma companies worldwide by R&D pipeline size 2021	https://www.statista.com/statistics/791306/top-pharma-companies-by-randd-pipeline-size/
